{"cameraMode":{"drawMode":0,"name":"Shaded","section":"Shading Mode"},"sceneLighting":true,"audioPlay":false,"sceneViewState":{"showFog":true,"showMaterialUpdate":false,"showSkybox":true,"showFlares":true,"showImageEffects":true,"showParticleSystems":true},"in2DMode":false,"pivot":{"x":0.5450578927993774,"y":5.8693084716796879,"z":-6.789669036865234},"rotation":{"x":0.39670273661613467,"y":0.017895866185426713,"z":-0.007742383982986212,"w":0.9177505970001221},"size":69.3864974975586,"orthographic":false}