{"cameraMode":{"drawMode":0,"name":"Shaded","section":"Shading Mode"},"sceneLighting":true,"audioPlay":false,"sceneViewState":{"showFog":true,"showMaterialUpdate":false,"showSkybox":true,"showFlares":true,"showImageEffects":true,"showParticleSystems":true},"in2DMode":false,"pivot":{"x":484.2915344238281,"y":66.39227294921875,"z":201.14862060546876},"rotation":{"x":-0.20435069501399995,"y":-0.009693958796560765,"z":0.002024054992944002,"w":-0.9788522720336914},"size":1164.209228515625,"orthographic":false}