{"cameraMode":{"drawMode":0,"name":"Shaded","section":"Shading Mode"},"sceneLighting":true,"audioPlay":false,"sceneViewState":{"showFog":true,"showMaterialUpdate":false,"showSkybox":true,"showFlares":true,"showImageEffects":true,"showParticleSystems":true},"in2DMode":false,"pivot":{"x":-17.119070053100587,"y":-1.9934425354003907,"z":-14.4664306640625},"rotation":{"x":0.296926885843277,"y":0.09433542937040329,"z":-0.029495632275938989,"w":0.94978266954422},"size":33.214595794677737,"orthographic":false}